mcLfnRY,65
cNmDAXm,37
pQmNUDl,64
ajumvTk,89
CicHyPN,89
xmKzVHC,87
wHSRXRH,88
prxAPCm,5
pkzEemk,75
uqWunLH,61
kpgBWOh,18
WLVQwrr,25
cyATLcO,88
RtuYPzV,59
ROtqSlq,88
ZcQUgzN,70
YnazgdV,84
GrnfzGI,39
ToGYrDR,100
qfCtyXj,18
HhTUbjG,64
CPRIyUu,91
HFwpMoc,19
WHOtfLI,93
WovMLNc,38
RTqmewx,53
eQolnYQ,21
MMOECHf,22
EcQGdXL,41
LZhOjJM,95
yNKSAjl,80
rEnpGQN,38
GeFxNWL,39
hbKgIwg,7
WkReElt,77
sJfLlgd,51
fiUPbbb,73
PKYijPR,36
iTNhKNb,49
keasepg,54
JPqnOZJ,15
CqRXMNS,80
mLuZIOT,65
AlMxiya,73
syCNjAx,85
EfMvWMu,33
iRurLjf,7
StGDSoe,75
FnqQZjG,64
nCFUbwO,85
