mcLfnRY,LItKrUm
mcLfnRY,exuqLPN
cNmDAXm,cjFAugH
cNmDAXm,HoZdeoG
cNmDAXm,NViSpAd
cNmDAXm,GKPMFYO
cNmDAXm,juVSvGt
cNmDAXm,pmdtgnF
pQmNUDl,QBrSRLE
pQmNUDl,nQwDEgr
pQmNUDl,xTLqdkm
ajumvTk,jTUqzYs
ajumvTk,GaZtLVU
ajumvTk,OAXPQSc
ajumvTk,GgtJxlp
ajumvTk,LXxheFg
ajumvTk,IERzTlL
CicHyPN,mDBevNX
CicHyPN,tgrYsVm
CicHyPN,XvLiKoC
CicHyPN,kDENDWX
CicHyPN,FcdnjuS
CicHyPN,PVVTDfj
CicHyPN,oXgDgwd
CicHyPN,LnSijDe
xmKzVHC,mTueJvk
xmKzVHC,ufSOXKs
xmKzVHC,dGHZpAi
xmKzVHC,qxoSNzo
xmKzVHC,EKDUXoZ
xmKzVHC,XfoFxfx
xmKzVHC,lQswXQN
wHSRXRH,oMbZNVW
wHSRXRH,LlOqKjg
wHSRXRH,SqaeITH
wHSRXRH,PSxxdkz
uqWunLH,ouDayie
uqWunLH,BrNwdnd
uqWunLH,jqXMVVh
uqWunLH,VSqTLeO
uqWunLH,jpuEGfY
uqWunLH,wxJOVFT
uqWunLH,DXtvVgm
uqWunLH,FiNoFzH
uqWunLH,ttzBYBJ
kpgBWOh,TJDcrlU
kpgBWOh,dmYEHUh
kpgBWOh,BVwcIrB
kpgBWOh,bZPqGOc
kpgBWOh,rtzFqsP
WLVQwrr,UdAnflC
WLVQwrr,JKDqxcQ
WLVQwrr,BLsZbze
WLVQwrr,CrSxYxP
WLVQwrr,hTpAFyS
WLVQwrr,OpjEdni
WLVQwrr,pGCbfEW
cyATLcO,wWaHaSB
cyATLcO,jLVeiQn
cyATLcO,pmobpCh
cyATLcO,woPRpgx
RtuYPzV,TVJFiOo
ROtqSlq,wWuJugR
ROtqSlq,TpYaqXK
ROtqSlq,SCJLKLM
ZcQUgzN,jWZWAVb
ZcQUgzN,PcrSErQ
ZcQUgzN,KgPyvij
ZcQUgzN,hgpKgZC
ZcQUgzN,oRGkyho
ZcQUgzN,zyDHvgC
ZcQUgzN,UvgfrjX
ZcQUgzN,nVINLQg
ZcQUgzN,uCYHlFO
YnazgdV,suLeJzt
YnazgdV,osnWzYb
YnazgdV,anrraEt
YnazgdV,gFPUAui
YnazgdV,NmQoUVh
GrnfzGI,Fofljez
ToGYrDR,fXtvXvf
ToGYrDR,YGcqLLV
ToGYrDR,wfexCYA
ToGYrDR,nDEvJgI
ToGYrDR,vCMYTAb
ToGYrDR,JXEciJD
qfCtyXj,iBdOEKY
qfCtyXj,kmYTCnn
qfCtyXj,eMEoCMd
qfCtyXj,UXBaqve
qfCtyXj,YYwfLqo
qfCtyXj,nBvlUSM
qfCtyXj,aVicrIn
qfCtyXj,uIlHnpg
HhTUbjG,QhOxsjc
HhTUbjG,cdybPFe
HhTUbjG,OOUAPMv
HhTUbjG,iDcEegO
HhTUbjG,ohPLvdH
HhTUbjG,lukSaMr
HhTUbjG,QHvQPBk
HhTUbjG,ExFIssP
CPRIyUu,seENfBg
CPRIyUu,UPJkBRV
CPRIyUu,FluUWuz
CPRIyUu,VdCJWVB
HFwpMoc,tyRnVPm
HFwpMoc,bruLpbj
HFwpMoc,sRNcXNh
HFwpMoc,tGoUShK
HFwpMoc,ZQrzyFc
HFwpMoc,KbnVUOT
HFwpMoc,nklYWqh
HFwpMoc,GCDMpuU
WHOtfLI,bNuUEoO
WHOtfLI,uMINLma
WHOtfLI,VRwoYGi
WHOtfLI,IRlwqlw
WHOtfLI,pWcDlaR
WHOtfLI,mmwKTyO
WovMLNc,MtSoRve
WovMLNc,heuwdcC
RTqmewx,DqrrlAs
eQolnYQ,STfTiAE
MMOECHf,QgyPxRl
MMOECHf,jrcrXxm
EcQGdXL,qRQZYuY
EcQGdXL,hpcHKNr
EcQGdXL,sLOrRfK
EcQGdXL,OVdjnmo
EcQGdXL,YcsUhWG
EcQGdXL,AhhYZvL
rEnpGQN,tAnbTrH
rEnpGQN,GVcMiDv
rEnpGQN,MRJPOhl
rEnpGQN,vrmKqse
rEnpGQN,LExVYeO
rEnpGQN,mxFJFSa
rEnpGQN,jtsiRST
GeFxNWL,GMEbAte
GeFxNWL,qUeZbNU
hbKgIwg,fxxsEdJ
sJfLlgd,mTNkQeD
sJfLlgd,JhjOrht
sJfLlgd,UHVOloB
sJfLlgd,bJTJPxA
sJfLlgd,PXjYjMQ
sJfLlgd,prAgXUz
sJfLlgd,kaFFkuK
sJfLlgd,OeZUJqt
sJfLlgd,rldShMl
fiUPbbb,WwhZPtw
fiUPbbb,EKJvcVV
fiUPbbb,VvzIroJ
fiUPbbb,uGRQlJL
fiUPbbb,KXEgNyV
fiUPbbb,ctVsgpp
fiUPbbb,NqMNiKz
fiUPbbb,wbfcLuF
fiUPbbb,leFEwds
iTNhKNb,norJXJS
iTNhKNb,RjUCiEi
iTNhKNb,FlGbEvO
iTNhKNb,WZzAGGt
iTNhKNb,kHhEKcj
keasepg,hzTfDJm
keasepg,WpgiTco
keasepg,rbdRmHp
CqRXMNS,IPsxAKf
mLuZIOT,jZHWJET
mLuZIOT,qOpoyMO
mLuZIOT,TKCnSrr
mLuZIOT,brMOrJU
mLuZIOT,pzRpgYx
AlMxiya,NuEuzrn
AlMxiya,NZpVHpS
AlMxiya,iHXIDnz
AlMxiya,CkzOPBH
AlMxiya,ZZPOKem
syCNjAx,uMjNINZ
syCNjAx,CrfSvuv
EfMvWMu,aIJQgan
EfMvWMu,tFXrkkp
EfMvWMu,Oxbgkhv
iRurLjf,ZejJtNl
iRurLjf,oMZxnLg
iRurLjf,gcUcSlt
StGDSoe,AmoAgll
StGDSoe,eculHEg
StGDSoe,bOfDTYG
StGDSoe,wobItRF
FnqQZjG,jNbKDMY
FnqQZjG,zbalifY
FnqQZjG,KSldozo
FnqQZjG,EoGhGnN
FnqQZjG,SuDlPqo
FnqQZjG,qteqBEK
nCFUbwO,ZMCmHVp
nCFUbwO,YHIhyJT
